section,I_B_base,I_B_opt,eps_base,eps_opt,IP_base,IP_opt
RawMill,7.946911250000005,4.9822395000000075,0.06827324999999977,0.03841274999999994,7.4337369999999865,5.434495750000004
CoalMill,1.5272202500000054,1.5407245000000025,0.01890725,0.04504324999999996,1.4900354999999932,1.4946287500000002
Preheater,13.252976417541504,10.691927909851074,0.3810111880302429,0.485797643661499,8.291638374328613,5.249753952026367
Calciner,36.74679946899414,34.36118698120117,0.7917482852935791,0.748676598072052,7.6776957511901855,9.162653923034668
Kiln,37.80453109741211,36.27216339111328,0.47077569365501404,0.4709768295288086,20.06524085998535,19.5760555267334
ClinkerCooler,15.766252517700195,15.301677703857422,0.5545593500137329,0.5653486251831055,6.994856357574463,6.552251815795898
